;descrizione;prezzo;location;link;immagine
0;I Mac;15.0;Caselle Torinese, Piemonte;<a href=https://it-it.facebook.com/marketplace/item/2203206343168874/?ref=search&referral_code=marketplace_search&referral_story_type=post>Link annuncio</a>;"<img src=""https://scontent.ftrn1-1.fna.fbcdn.net/v/t45.5328-4/274852591_5060770434013177_182315881401824884_n.png?stp=c151.0.260.260a_dst-png_p261x260&_nc_cat=100&ccb=1-5&_nc_sid=c48759&_nc_ohc=CwnPvnjTlo4AX__pyvF&_nc_ht=scontent.ftrn1-1.fna&oh=00_AT-SW9GHXwcx-UU2xROOtEbGF0sp4_oUPjQ-sI6t7Q5_0g&oe=6277F343"">"
1;iMac da collezione;35.0;Torino, Piemonte;<a href=https://it-it.facebook.com/marketplace/item/1053427388571532/?ref=search&referral_code=marketplace_search&referral_story_type=post>Link annuncio</a>;"<img src=""https://scontent.ftrn1-1.fna.fbcdn.net/v/t45.5328-4/275656146_6229313923760129_1615457327716494008_n.png?stp=c0.101.261.261a_dst-png_p261x260&_nc_cat=101&ccb=1-5&_nc_sid=c48759&_nc_ohc=5sgiN5dBz4EAX8xoLpx&_nc_ht=scontent.ftrn1-1.fna&oh=00_AT8Cwsv8Zs2amHosVovcgEKRwRLPtiU-Z8lfUGSrv9a4lg&oe=6277809A"">"
2;PC.iMac;50.0;Moncalieri, Piemonte;<a href=https://it-it.facebook.com/marketplace/item/3144281949151392/?ref=search&referral_code=marketplace_search&referral_story_type=post>Link annuncio</a>;"<img src=""https://scontent.ftrn1-1.fna.fbcdn.net/v/t45.5328-4/279329686_4902310979892247_2763958418587129651_n.png?stp=c43.0.260.260a_dst-png_p261x260&_nc_cat=109&ccb=1-5&_nc_sid=c48759&_nc_ohc=fFGr3b04HQMAX-XpWO9&_nc_ht=scontent.ftrn1-1.fna&oh=00_AT9b4nsgjqU5JWpCoov_p7IzZjGjqbF5il4nYzS1nkXhUA&oe=627846D7"">"
3;Case imac Apple A1224;50.0;Torino, Piemonte;<a href=https://it-it.facebook.com/marketplace/item/655303539247586/?ref=search&referral_code=marketplace_search&referral_story_type=post>Link annuncio</a>;"<img src=""https://scontent.ftrn1-1.fna.fbcdn.net/v/t45.5328-4/271180083_6696623870411686_5045578101871551872_n.jpg?stp=c43.0.260.260a_dst-jpg_p261x260&_nc_cat=102&ccb=1-5&_nc_sid=c48759&_nc_ohc=b7LDJkLpbJYAX8xyF79&_nc_ht=scontent.ftrn1-1.fna&oh=00_AT9atHDvZ2ApMCOpUtr2I_OZtU7YcwgmxBrs1wMGh5g4ZQ&oe=627842DF"">"
4;Tastier Wireless iMac;60.0;Torino, Piemonte;<a href=https://it-it.facebook.com/marketplace/item/383574366593025/?ref=search&referral_code=marketplace_search&referral_story_type=post>Link annuncio</a>;"<img src=""https://scontent.ftrn1-1.fna.fbcdn.net/v/t45.5328-4/274300936_4826409490740465_8894163903442230307_n.png?stp=c158.0.260.260a_dst-png_p261x260&_nc_cat=108&ccb=1-5&_nc_sid=c48759&_nc_ohc=DIbVlq8bbsoAX_0LcVR&_nc_ht=scontent.ftrn1-1.fna&oh=00_AT9KeXUdkbLT6aRdEuVMtp8POwmT_SzYaTkjtqAFUO5mWQ&oe=6276BE35"">"
5;Imac G5 Vintage per collezione;70.0;Torino, Piemonte;<a href=https://it-it.facebook.com/marketplace/item/1354013478432467/?ref=search&referral_code=marketplace_search&referral_story_type=post>Link annuncio</a>;"<img src=""https://scontent.ftrn1-1.fna.fbcdn.net/v/t45.5328-4/273718999_4969557713101882_2177274796719118270_n.png?stp=c0.9.261.261a_dst-png_p261x260&_nc_cat=101&ccb=1-5&_nc_sid=c48759&_nc_ohc=RDKkC3C1TQwAX_7XOnj&_nc_ht=scontent.ftrn1-1.fna&oh=00_AT-DqKnCKGBfqbVjLJg9qcpz5vfly0pdA6wyoLFndvlxuA&oe=62784C5B"">"
6;Apple iMac 8.1 del 2008 con tastiera originale 20‚Äù;99.0;Torino, Piemonte;<a href=https://it-it.facebook.com/marketplace/item/531503091409458/?ref=search&referral_code=marketplace_search&referral_story_type=post>Link annuncio</a>;"<img src=""https://scontent.ftrn1-1.fna.fbcdn.net/v/t45.5328-4/274231108_4879945632090371_8558758148825724123_n.png?stp=c0.43.261.261a_dst-png_p261x260&_nc_cat=102&ccb=1-5&_nc_sid=c48759&_nc_ohc=_AziyHETK5YAX9S93JL&_nc_ht=scontent.ftrn1-1.fna&oh=00_AT9Ig2GCStK4fbIM210W7fLiw1er2rs-pepQcPh6-1em4w&oe=62785F23"">"
7;Imac 20 del 2008 non funzionante;100.0;Torino, Piemonte;<a href=https://it-it.facebook.com/marketplace/item/508178834183311/?ref=search&referral_code=marketplace_search&referral_story_type=post>Link annuncio</a>;"<img src=""https://scontent.ftrn1-1.fna.fbcdn.net/v/t45.5328-4/276170319_4786058138170134_6062889065819348080_n.png?stp=c0.0.260.260a_dst-png_p261x260&_nc_cat=105&ccb=1-5&_nc_sid=c48759&_nc_ohc=jbq-zr82JSwAX9aly8X&_nc_ht=scontent.ftrn1-1.fna&oh=00_AT-OZHDP7HNF226eACFt4Uxzm3p2duQTcPyWo3VUt0YnuQ&oe=62782177"">"
8;Imac  21.5;100.0;Torino, Piemonte;<a href=https://it-it.facebook.com/marketplace/item/399453061680914/?ref=search&referral_code=marketplace_search&referral_story_type=post>Link annuncio</a>;"<img src=""https://scontent.ftrn1-1.fna.fbcdn.net/v/t45.5328-4/278121536_7271264269614959_3455863476685068663_n.png?stp=c101.0.260.260a_dst-png_p261x260&_nc_cat=105&ccb=1-5&_nc_sid=c48759&_nc_ohc=ff33zr42o0AAX_Cz-XA&_nc_ht=scontent.ftrn1-1.fna&oh=00_AT9EQM4MfFYqfcHqVDSlVppNnWP1YtvVYR8GW0Auj1YruQ&oe=6278A7BB"">"
9;iMac 2011 tenuto benissimo;150.0;Torino, Piemonte;<a href=https://it-it.facebook.com/marketplace/item/1128045334610139/?ref=search&referral_code=marketplace_search&referral_story_type=post>Link annuncio</a>;"<img src=""https://scontent.ftrn1-1.fna.fbcdn.net/v/t45.5328-4/275291443_4755059707925940_5868340395534925439_n.png?stp=c0.43.261.261a_dst-png_p261x260&_nc_cat=102&ccb=1-5&_nc_sid=c48759&_nc_ohc=Z4Q7cJ0vH48AX8wczwb&_nc_ht=scontent.ftrn1-1.fna&oh=00_AT_W3L2hhXVfaGXQiEi5WEM34aa-VfaNYO2KLtUwFMJKuQ&oe=6277794F"">"
10;iMac;150.0;Santhi√†, Piemonte;<a href=https://it-it.facebook.com/marketplace/item/1047503526121395/?ref=search&referral_code=marketplace_search&referral_story_type=post>Link annuncio</a>;"<img src=""https://scontent.ftrn1-1.fna.fbcdn.net/v/t45.5328-4/278580781_5182230988512667_7554764414018041178_n.png?stp=c4.0.260.260a_dst-png_p261x260&_nc_cat=101&ccb=1-5&_nc_sid=c48759&_nc_ohc=4vWo1-AUD-gAX9cO7mq&_nc_ht=scontent.ftrn1-1.fna&oh=00_AT9o7Gj6Kd1GU5qHCQVaL_n_UISIWXcG8U44cUBZPbbaEA&oe=62787B81"">"
11;iMac late 2011 PER RICAMBI;200.0;Torino, Piemonte;<a href=https://it-it.facebook.com/marketplace/item/354414346130863/?ref=search&referral_code=marketplace_search&referral_story_type=post>Link annuncio</a>;"<img src=""https://scontent.ftrn1-1.fna.fbcdn.net/v/t45.5328-4/271445444_4759021524181420_437803211169659028_n.png?stp=c43.0.260.260a_dst-png_p261x260&_nc_cat=108&ccb=1-5&_nc_sid=c48759&_nc_ohc=bOA6H8bCFBoAX8vPuaV&_nc_ht=scontent.ftrn1-1.fna&oh=00_AT-tYZt5wIt2DryoCP8IpIoz0Iva0WErCyA4G1qjZ4-3Rg&oe=6278662A"">"
12;IMac G5;200.0;Sangano, Piemonte;<a href=https://it-it.facebook.com/marketplace/item/698367164537109/?ref=search&referral_code=marketplace_search&referral_story_type=post>Link annuncio</a>;"<img src=""https://scontent.ftrn1-1.fna.fbcdn.net/v/t45.5328-4/277914341_4980951548607172_4802136978794392670_n.jpg?stp=c0.43.261.261a_dst-jpg_p261x260&_nc_cat=110&ccb=1-5&_nc_sid=c48759&_nc_ohc=h1tHdFTLw4gAX_LIA2s&_nc_ht=scontent.ftrn1-1.fna&oh=00_AT-bO32fHPfPp8ep0fS4I_s44BKx3OqDJ66HcdLlgpg-GQ&oe=6277E7A7"">"
13;Imac 21,5 pollici;230.0;Sant'Antonino di Susa, Piemonte;<a href=https://it-it.facebook.com/marketplace/item/295509722464298/?ref=search&referral_code=marketplace_search&referral_story_type=post>Link annuncio</a>;"<img src=""https://scontent.ftrn1-1.fna.fbcdn.net/v/t45.5328-4/261985662_6485821381490514_277178558044545179_n.png?stp=c43.0.260.260a_dst-png_p261x260&_nc_cat=110&ccb=1-5&_nc_sid=c48759&_nc_ohc=5Pid8cAVpqEAX-ATu8c&_nc_ht=scontent.ftrn1-1.fna&oh=00_AT_taN-nucSwCk6KzS2utmnUMrM8WHGz_pcEAgUyIk1B-g&oe=627804C7"">"
14;iMac 21.5 Mid 2011;250.0;Barge, Piemonte;<a href=https://it-it.facebook.com/marketplace/item/501117328210386/?ref=search&referral_code=marketplace_search&referral_story_type=post>Link annuncio</a>;"<img src=""https://scontent.ftrn1-1.fna.fbcdn.net/v/t45.5328-4/275848921_7185981324806249_8670704443478757530_n.png?stp=c0.151.261.261a_dst-png_p261x260&_nc_cat=100&ccb=1-5&_nc_sid=c48759&_nc_ohc=hbYwpy-0XCcAX8B2bvE&_nc_ht=scontent.ftrn1-1.fna&oh=00_AT9-yzYUrHz8P6n9FQsEIby91dwZl7UbZFRJ49DMZ7pF0w&oe=6277A157"">"
15;Computer;250.0;Orbassano, Piemonte;<a href=https://it-it.facebook.com/marketplace/item/510533797232755/?ref=search&referral_code=marketplace_search&referral_story_type=post>Link annuncio</a>;"<img src=""https://scontent.ftrn1-1.fna.fbcdn.net/v/t45.5328-4/278976118_5201541953238409_5847960481977996979_n.jpg?stp=c0.43.261.261a_dst-jpg_p261x260&_nc_cat=110&ccb=1-5&_nc_sid=c48759&_nc_ohc=2946T6evTLsAX_8gPDX&_nc_ht=scontent.ftrn1-1.fna&oh=00_AT_FynGniFhAdNy3dNutVlI75ZcH9fHbDc9NKdDx-NMF7Q&oe=6277D6F7"">"
16;iMac 21‚Äù 2011;260.0;Alpignano, Piemonte;<a href=https://it-it.facebook.com/marketplace/item/435940271550263/?ref=search&referral_code=marketplace_search&referral_story_type=post>Link annuncio</a>;"<img src=""https://scontent.ftrn1-1.fna.fbcdn.net/v/t45.5328-4/276123194_5195614513794224_2892198277940811377_n.png?stp=c24.0.260.260a_dst-png_p261x260&_nc_cat=109&ccb=1-5&_nc_sid=c48759&_nc_ohc=XUbfKNsSi2MAX8lBt9p&_nc_oc=AQlngXxpddrS76UqTCruBVr682eonUzOzL_oOcqJ7Ab84tRMVq5NSLdOzocl1omBj1Y&_nc_ht=scontent.ftrn1-1.fna&oh=00_AT_5KBqLPpCsVvQ5tTU911Yzt9b1wHwiZo4Pff-WKy77hg&oe=627722C7"">"
17;Imac 21,5 i5;280.0;Torino, Piemonte;<a href=https://it-it.facebook.com/marketplace/item/1385196108562550/?ref=search&referral_code=marketplace_search&referral_story_type=post>Link annuncio</a>;"<img src=""https://scontent.ftrn1-1.fna.fbcdn.net/v/t45.5328-4/261991637_5254509644564358_2732855339107664639_n.png?stp=c0.43.261.261a_dst-png_p261x260&_nc_cat=110&ccb=1-5&_nc_sid=c48759&_nc_ohc=VICHR0VgSQIAX8FFH33&_nc_ht=scontent.ftrn1-1.fna&oh=00_AT_K8P3sWU4m7AjJrWu4M8fQ9xxxHpyFRpDGSSRqPEjQwg&oe=62770179"">"
18;iMac 21,5 pollici processore i3;290.0;Torino, Piemonte;<a href=https://it-it.facebook.com/marketplace/item/690193918900555/?ref=search&referral_code=marketplace_search&referral_story_type=post>Link annuncio</a>;"<img src=""https://scontent.ftrn1-1.fna.fbcdn.net/v/t45.5328-4/273939007_5050813358339821_193495664269017872_n.jpg?stp=c43.0.260.260a_dst-jpg_p261x260&_nc_cat=110&ccb=1-5&_nc_sid=c48759&_nc_ohc=-FDbQyC5YuIAX9Ov_mD&_nc_ht=scontent.ftrn1-1.fna&oh=00_AT9FsYxXKTRhX4Q6ryQmEEbSNKJ26vhYjmprlr6xWF5a4Q&oe=62774870"">"
19;iMac;300.0;Torino, Piemonte;<a href=https://it-it.facebook.com/marketplace/item/2820318038114368/?ref=search&referral_code=marketplace_search&referral_story_type=post>Link annuncio</a>;"<img src=""https://scontent.ftrn1-1.fna.fbcdn.net/v/t45.5328-4/278787815_5362882473735553_5769676560924818010_n.png?stp=c43.0.260.260a_dst-png_p261x260&_nc_cat=101&ccb=1-5&_nc_sid=c48759&_nc_ohc=SHpJ80FF1nkAX9uY_ms&_nc_ht=scontent.ftrn1-1.fna&oh=00_AT-wSpvuZAMk48_tNIrt1BDZL49PjyqlS0WxBcfzQ5ElLA&oe=62785777"">"
20;iMac (21,5 pollici, met√† 2011);300.0;Torino, Piemonte;<a href=https://it-it.facebook.com/marketplace/item/1813811928815216/?ref=search&referral_code=marketplace_search&referral_story_type=post>Link annuncio</a>;"<img src=""https://scontent.ftrn1-1.fna.fbcdn.net/v/t45.5328-4/272642009_4513590355433884_2228453293085935412_n.png?stp=c35.0.260.260a_dst-png_p261x260&_nc_cat=102&ccb=1-5&_nc_sid=c48759&_nc_ohc=q2NyJlw3I0oAX-hkaYJ&_nc_ht=scontent.ftrn1-1.fna&oh=00_AT8YeMwXaJAdfwfzZRcJ9yuvx7SJfJClctX7-ebq0N7lgw&oe=62771D5C"">"
21;iMac late 2009;300.0;Bra, Piemonte;<a href=https://it-it.facebook.com/marketplace/item/492647665792533/?ref=search&referral_code=marketplace_search&referral_story_type=post>Link annuncio</a>;"<img src=""https://scontent.ftrn1-1.fna.fbcdn.net/v/t45.5328-4/246005293_4659386444169027_1800326735504717676_n.png?stp=c0.5.261.261a_dst-png_p261x260&_nc_cat=108&ccb=1-5&_nc_sid=c48759&_nc_ohc=0GF-vydxMhYAX8hv1Pk&_nc_ht=scontent.ftrn1-1.fna&oh=00_AT84Aw--8dShCyOTxLJtmfWtfdVGT7jkD2oITrh0G1dTng&oe=6277CAFB"">"
22;iMac 24‚Äú HDD1TB con stampante;325.0;Moncalieri, Piemonte;<a href=https://it-it.facebook.com/marketplace/item/1609951206032263/?ref=search&referral_code=marketplace_search&referral_story_type=post>Link annuncio</a>;"<img src=""https://scontent.ftrn1-1.fna.fbcdn.net/v/t45.5328-4/273116977_5081316471900029_8120367267199064343_n.jpg?stp=c43.0.260.260a_dst-jpg_p261x260&_nc_cat=106&ccb=1-5&_nc_sid=c48759&_nc_ohc=c1tgtp2WmGwAX8xAQ8H&_nc_ht=scontent.ftrn1-1.fna&oh=00_AT_eytR3P2uat3Xh2pFBD2H_dopqis2JDvP-XhRiqNA5JQ&oe=6277E468"">"
23;Imac 21,5 Pollici, processore i5, 8gb Ram;350.0;Torino, Piemonte;<a href=https://it-it.facebook.com/marketplace/item/319714566966777/?ref=search&referral_code=marketplace_search&referral_story_type=post>Link annuncio</a>;"<img src=""https://scontent.ftrn1-1.fna.fbcdn.net/v/t45.5328-4/275656810_6945394782197483_140334432003097128_n.png?stp=c43.0.260.260a_dst-png_p261x260&_nc_cat=103&ccb=1-5&_nc_sid=c48759&_nc_ohc=VKHC2Pf_3kcAX_8qxW8&_nc_ht=scontent.ftrn1-1.fna&oh=00_AT8cqjpJDoC3jO0BbyESrANB4VeTmVTuNAZ6KJhSTeDFDQ&oe=62771590"">"
24;IMac fine 2011, 16 gb di ram, 21.5 pollici, perfettamente funzionante usato pochissime volte;350.0;Moncalieri, Piemonte;<a href=https://it-it.facebook.com/marketplace/item/636748540728457/?ref=search&referral_code=marketplace_search&referral_story_type=post>Link annuncio</a>;"<img src=""https://scontent.ftrn1-1.fna.fbcdn.net/v/t39.30808-6/274722261_2069996109866965_2898315375580037694_n.jpg?stp=c102.0.260.260a_dst-jpg_p261x260&_nc_cat=108&ccb=1-5&_nc_sid=843cd7&_nc_ohc=26KUtC2twacAX_QGhqi&_nc_ht=scontent.ftrn1-1.fna&oh=00_AT8hg6CYFIkt3YpdaOpTocLXd5LD4tFJRTi8RoEgtPOOrg&oe=6277820F"">"
25;IMac 21.5;380.0;Biella, Piemonte;<a href=https://it-it.facebook.com/marketplace/item/1172678083468496/?ref=search&referral_code=marketplace_search&referral_story_type=post>Link annuncio</a>;"<img src=""https://scontent.ftrn1-1.fna.fbcdn.net/v/t45.5328-4/273455790_4274219892678013_4720807162474478935_n.png?stp=c0.43.261.261a_dst-png_p261x260&_nc_cat=107&ccb=1-5&_nc_sid=c48759&_nc_ohc=RvY13cNROKUAX_9Ox_R&_nc_ht=scontent.ftrn1-1.fna&oh=00_AT9TY-mqTT4-bTUGhZLdpPxPNP1Q_0ahSgpGP-C-fql0dQ&oe=6276D51E"">"
26;iMac 16gb / 1T SSD + Tastiera;400.0;Torino, Piemonte;<a href=https://it-it.facebook.com/marketplace/item/698148927973340/?ref=search&referral_code=marketplace_search&referral_story_type=post>Link annuncio</a>;"<img src=""https://scontent.ftrn1-1.fna.fbcdn.net/v/t45.5328-4/277900053_4850262015050251_4883113284825288508_n.png?stp=c0.9.261.261a_dst-png_p261x260&_nc_cat=100&ccb=1-5&_nc_sid=c48759&_nc_ohc=GbYVtQs2K5sAX9g0MGo&_nc_ht=scontent.ftrn1-1.fna&oh=00_AT9dOPWJGYa2n-IUkj9xhoXw0a6z92a3ObM4JpdHNUV9RQ&oe=62771E6D"">"
27;iMac 21,5 2011 quadcore i5;420.0;Chieri, Piemonte;<a href=https://it-it.facebook.com/marketplace/item/671645670562197/?ref=search&referral_code=marketplace_search&referral_story_type=post>Link annuncio</a>;"<img src=""https://scontent.ftrn1-1.fna.fbcdn.net/v/t45.5328-4/275928010_7846759678683401_1212675935117687999_n.jpg?stp=c43.0.260.260a_dst-jpg_p261x260&_nc_cat=108&ccb=1-5&_nc_sid=c48759&_nc_ohc=rKEkaRg-Bd4AX9RjTG0&_nc_ht=scontent.ftrn1-1.fna&oh=00_AT94WfnTr6SJRp7fC7GcIUYw0lCSQWP2u9vdTe_i0mtqZA&oe=6277B4CC"">"
28;"iMac 27"" mid 2010 - Apple iMac 27 pollici";450.0;Calamandrana, Piemonte;<a href=https://it-it.facebook.com/marketplace/item/920211081978440/?ref=search&referral_code=marketplace_search&referral_story_type=post>Link annuncio</a>;"<img src=""https://scontent.ftrn1-1.fna.fbcdn.net/v/t45.5328-4/277929933_5417678754958092_6439611542709100574_n.png?stp=c43.0.260.260a_dst-png_p261x260&_nc_cat=108&ccb=1-5&_nc_sid=c48759&_nc_ohc=38IpxLEyY8IAX_Mqy2V&_nc_ht=scontent.ftrn1-1.fna&oh=00_AT83c5ROs7UpBZq2rtz2kze_sGgi9z9vo9r41j-mTfgGvw&oe=6276C4CD"">"
29;IMac da 21.5 Apple;500.0;Torino, Piemonte;<a href=https://it-it.facebook.com/marketplace/item/393200539007327/?ref=search&referral_code=marketplace_search&referral_story_type=post>Link annuncio</a>;"<img src=""https://scontent.ftrn1-1.fna.fbcdn.net/v/t45.5328-4/277703014_5158291784232587_8296063977228566329_n.png?stp=c0.71.261.261a_dst-png_p261x260&_nc_cat=100&ccb=1-5&_nc_sid=c48759&_nc_ohc=KL5RQoYx8CQAX8vnnE7&_nc_ht=scontent.ftrn1-1.fna&oh=00_AT-wFezDJsVGNI4mtkumQjukD0kYiF6CaJw_Tg_aDUBTXg&oe=62783FD5"">"
30;imac 27 pollici meta 2011„ÄÅi7„ÄÅ12gb/ssd250gb/hdd320gb;500.0;Torino, Piemonte;<a href=https://it-it.facebook.com/marketplace/item/584538232848314/?ref=search&referral_code=marketplace_search&referral_story_type=post>Link annuncio</a>;"<img src=""https://scontent.ftrn1-1.fna.fbcdn.net/v/t45.5328-4/269171059_4815776031799668_6172287883349734791_n.jpg?stp=c43.0.260.260a_dst-jpg_p261x260&_nc_cat=109&ccb=1-5&_nc_sid=c48759&_nc_ohc=euhQBIG1MM4AX9ImUiC&_nc_ht=scontent.ftrn1-1.fna&oh=00_AT-p5tj82DmrD_E7ssdaK5JQzZA-2SSg4SRNOhv3uFXV7A&oe=6277453E"">"
31;"iMac 21,5"" fine 2015";500.0;Torino, Piemonte;<a href=https://it-it.facebook.com/marketplace/item/3205736639704447/?ref=search&referral_code=marketplace_search&referral_story_type=post>Link annuncio</a>;"<img src=""https://scontent.ftrn1-1.fna.fbcdn.net/v/t45.5328-4/273474354_4903861909672553_4353140978311286900_n.png?stp=c0.21.261.261a_dst-png_p261x260&_nc_cat=106&ccb=1-5&_nc_sid=c48759&_nc_ohc=jty_DK31s54AX-6RH8P&_nc_ht=scontent.ftrn1-1.fna&oh=00_AT_YmKjNggpwkgS2ozxUNfhlm8iSzVW1lY4nsGGF8AMv1Q&oe=62770742"">"
32;iMac 21 4K (2017);599.0;Aosta, Valle d'Aosta;<a href=https://it-it.facebook.com/marketplace/item/1117600615470165/?ref=search&referral_code=marketplace_search&referral_story_type=post>Link annuncio</a>;"<img src=""https://scontent.ftrn1-1.fna.fbcdn.net/v/t45.5328-4/278104511_4994040097353156_8382801402204893239_n.png?stp=c0.31.261.261a_dst-png_p261x260&_nc_cat=104&ccb=1-5&_nc_sid=c48759&_nc_ohc=qs4XJawir8EAX9Rh5DY&_nc_ht=scontent.ftrn1-1.fna&oh=00_AT-WXHEQ9B-XMLVLppUUItLXc10jVUdX91oaOdH18xsnqg&oe=627797B7"">"
33;Imac 21,5 pollici SLIM, 8gb Ram 1td HDD;630.0;Torino, Piemonte;<a href=https://it-it.facebook.com/marketplace/item/526358752322291/?ref=search&referral_code=marketplace_search&referral_story_type=post>Link annuncio</a>;"<img src=""https://scontent.ftrn1-1.fna.fbcdn.net/v/t45.5328-4/279511503_5146522152105599_3543260244078471122_n.png?stp=c53.0.260.260a_dst-png_p261x260&_nc_cat=104&ccb=1-5&_nc_sid=c48759&_nc_ohc=IKGS-HkKRqQAX8Xn3wh&_nc_ht=scontent.ftrn1-1.fna&oh=00_AT_4Igg4XV6J8V0wavQMdGegYA9tz_P_Bmtm6SsWNbNwEw&oe=6277AE4F"">"
34;iMac 27'' mid 2011;630.0;Rivoli, Piemonte;<a href=https://it-it.facebook.com/marketplace/item/261717479436313/?ref=search&referral_code=marketplace_search&referral_story_type=post>Link annuncio</a>;"<img src=""https://scontent.ftrn1-1.fna.fbcdn.net/v/t45.5328-4/273427738_7678401165518573_6371093860751337237_n.png?stp=c0.43.261.261a_dst-png_p261x260&_nc_cat=100&ccb=1-5&_nc_sid=c48759&_nc_ohc=dhb7uw-jd74AX9RDLY1&_nc_ht=scontent.ftrn1-1.fna&oh=00_AT_Y8caUDF6xIniZaBBX__V2Zqs1XXnZyHLbYBhThN8Vew&oe=6277A416"">"
35;iMac 21'5 2019 i3 quadcore 8gb RAM SSD 500gb;700.0;Torino, Piemonte;<a href=https://it-it.facebook.com/marketplace/item/395253139272763/?ref=search&referral_code=marketplace_search&referral_story_type=post>Link annuncio</a>;"<img src=""https://scontent.ftrn1-1.fna.fbcdn.net/v/t45.5328-4/278065557_5364254420259402_7633533981303617386_n.jpg?stp=c0.43.261.261a_dst-jpg_p261x260&_nc_cat=103&ccb=1-5&_nc_sid=c48759&_nc_ohc=N17YEz6Uv8YAX99Kb_5&_nc_ht=scontent.ftrn1-1.fna&oh=00_AT-i4KMMtFhE6uFI53MMM0XjpseNbS-R1xJ9BHAgx9x7HA&oe=6276B447"">"
36;iMac 21.5 2.3 GHz  8GB DDR4;800.0;Torino, Piemonte;<a href=https://it-it.facebook.com/marketplace/item/519416359824542/?ref=search&referral_code=marketplace_search&referral_story_type=post>Link annuncio</a>;"<img src=""https://scontent.ftrn1-1.fna.fbcdn.net/v/t45.5328-4/279180463_5369523599746108_5559856023417832895_n.png?stp=c43.0.260.260a_dst-png_p261x260&_nc_cat=103&ccb=1-5&_nc_sid=c48759&_nc_ohc=LCA88hBqGMMAX8QjFnY&_nc_ht=scontent.ftrn1-1.fna&oh=00_AT9WOGni9eV5FhQCX41V02q1BndZXCNtjm-_MOU4dnm0RQ&oe=6277DF91"">"
37;MacBook Air 9,1 2020 i7 - 16GB - 1TB;850.0;Torino, Piemonte;<a href=https://it-it.facebook.com/marketplace/item/751272949332811/?ref=search&referral_code=marketplace_search&referral_story_type=post>Link annuncio</a>;"<img src=""https://scontent.ftrn1-1.fna.fbcdn.net/v/t45.5328-4/278098167_4560308770736416_1391874342453541621_n.png?stp=c43.0.260.260a_dst-png_p261x260&_nc_cat=111&ccb=1-5&_nc_sid=c48759&_nc_ohc=HUpq310MXywAX82JzH_&_nc_ht=scontent.ftrn1-1.fna&oh=00_AT-d3bcUO3xDwPq3SMsI-qj0IOFpNiQQLkP1wEtqlJL45A&oe=62770FBB"">"
38;iMac con schermo da 21,5 pollici retroilluminato LED;900.0;Torino, Piemonte;<a href=https://it-it.facebook.com/marketplace/item/1633522850341313/?ref=search&referral_code=marketplace_search&referral_story_type=post>Link annuncio</a>;"<img src=""https://scontent.ftrn1-1.fna.fbcdn.net/v/t45.5328-4/279091721_5002932969801882_2346360663594533358_n.jpg?stp=c0.57.261.261a_dst-jpg_p261x260&_nc_cat=101&ccb=1-5&_nc_sid=c48759&_nc_ohc=pfxbDTBTPq0AX_3a8p2&_nc_ht=scontent.ftrn1-1.fna&oh=00_AT9ecqtasUoEB1QzVNkJ8sDz1x5eDVz80fK0oEhkmnby4A&oe=62770D64"">"
39;IMAC 21.5 pollici;950.0;Torino, Piemonte;<a href=https://it-it.facebook.com/marketplace/item/702895987413412/?ref=search&referral_code=marketplace_search&referral_story_type=post>Link annuncio</a>;"<img src=""https://scontent.ftrn1-1.fna.fbcdn.net/v/t45.5328-4/275715915_4331459996890440_5378422576585960209_n.png?stp=c43.0.260.260a_dst-png_p261x260&_nc_cat=100&ccb=1-5&_nc_sid=c48759&_nc_ohc=hVnWWcdtC9YAX9fGHYX&_nc_ht=scontent.ftrn1-1.fna&oh=00_AT9i_nkK3Fs6GoGVPSt-Fwu6FBoEBenL-aSkqYFPsBamqw&oe=6278055E"">"
40;iMac üñ• 27‚Äù Retina 5k;990.0;Torino, Piemonte;<a href=https://it-it.facebook.com/marketplace/item/667294261170274/?ref=search&referral_code=marketplace_search&referral_story_type=post>Link annuncio</a>;"<img src=""https://scontent.ftrn1-1.fna.fbcdn.net/v/t45.5328-4/277471631_4910825702348284_6800488368815200286_n.png?stp=c43.0.260.260a_dst-png_p261x260&_nc_cat=108&ccb=1-5&_nc_sid=c48759&_nc_ohc=SfoLcUJicr0AX9SB34Y&_nc_ht=scontent.ftrn1-1.fna&oh=00_AT8X4iQcRDbdr1x4wkaMRHexVmZw3RVoK7sQsPWy2Z05Ew&oe=6276EAEE"">"
41;Apple iMac 5K 27'' (Late 2015);1000.0;Torino, Piemonte;<a href=https://it-it.facebook.com/marketplace/item/4539896636106493/?ref=search&referral_code=marketplace_search&referral_story_type=post>Link annuncio</a>;"<img src=""https://scontent.ftrn1-1.fna.fbcdn.net/v/t45.5328-4/260875740_4606392942784949_1433733369491798912_n.jpg?stp=c0.32.261.261a_dst-jpg_p261x260&_nc_cat=111&ccb=1-5&_nc_sid=c48759&_nc_ohc=IlSD2hHra5AAX_1cjyS&_nc_ht=scontent.ftrn1-1.fna&oh=00_AT_WvfzbC_oQM9zSEPMBdLTar2nLnR2ffCtLa7Q15MLVVw&oe=6277BDB9"">"
42;"iMac 2020 (21,5\"", 8gb ram)";1000.0;Torino, Piemonte;<a href=https://it-it.facebook.com/marketplace/item/266387678882617/?ref=search&referral_code=marketplace_search&referral_story_type=post>Link annuncio</a>;"<img src=""https://scontent.ftrn1-1.fna.fbcdn.net/v/t45.5328-4/259279409_7289824771043714_1997300974988535474_n.jpg?stp=c101.0.260.260a_dst-jpg_p261x260&_nc_cat=110&ccb=1-5&_nc_sid=c48759&_nc_ohc=Y5SPNXnwYJwAX8rxOeg&_nc_ht=scontent.ftrn1-1.fna&oh=00_AT-dGKpxsmXACd3A1spmiTWj7Ihk0aYeUUomHxShnpIXMA&oe=6276FE60"">"
43;iMac portatile;1100.0;Rivoli, Piemonte;<a href=https://it-it.facebook.com/marketplace/item/696273414950939/?ref=search&referral_code=marketplace_search&referral_story_type=post>Link annuncio</a>;"<img src=""https://scontent.ftrn1-1.fna.fbcdn.net/v/t45.5328-4/278332694_5089804747775901_1292282327946901366_n.jpg?stp=c0.43.261.261a_dst-jpg_p261x260&_nc_cat=109&ccb=1-5&_nc_sid=c48759&_nc_ohc=34epWq3N3vMAX_Z2d5w&_nc_ht=scontent.ftrn1-1.fna&oh=00_AT-cQ6CqYAwo9dZ19k8IvSf3pLfG5ieCyy94_KbU0hFOdw&oe=627716A0"">"
44;"Apple iMac 27"" 5K";1549.0;Pinerolo, Piemonte;<a href=https://it-it.facebook.com/marketplace/item/1380580012394489/?ref=search&referral_code=marketplace_search&referral_story_type=post>Link annuncio</a>;"<img src=""https://scontent.ftrn1-1.fna.fbcdn.net/v/t45.5328-4/277314135_5219661824736925_1278587293682880799_n.jpg?stp=c0.43.261.261a_dst-jpg_p261x260&_nc_cat=108&ccb=1-5&_nc_sid=c48759&_nc_ohc=bRgTFlDYthUAX_cuqbR&_nc_ht=scontent.ftrn1-1.fna&oh=00_AT_NBEEAwZlcTA2Efn3yO2R4gv0coAgJrTopJ9IJwSgWzA&oe=6278A0E4"">"
45;iMac 27 5k - ram 32gb ddr4 - Radeon Pro 580 4gb;1800.0;Settimo Torinese, Piemonte;<a href=https://it-it.facebook.com/marketplace/item/1102258393894656/?ref=search&referral_code=marketplace_search&referral_story_type=post>Link annuncio</a>;"<img src=""https://scontent.ftrn1-1.fna.fbcdn.net/v/t45.5328-4/274474658_4878745848861020_1854772995401422222_n.jpg?stp=c7.0.260.260a_dst-jpg_p261x260&_nc_cat=110&ccb=1-5&_nc_sid=c48759&_nc_ohc=WwPl9_HDy0sAX9QFzBK&_nc_ht=scontent.ftrn1-1.fna&oh=00_AT-SAhKANuArzfu_IrIqskdpwi3plx6-_cP8SLUVtZc8lA&oe=627724B1"">"
46;"iMac Pro 27"" 5K (2020)";3000.0;Torino, Piemonte;<a href=https://it-it.facebook.com/marketplace/item/361941972487023/?ref=search&referral_code=marketplace_search&referral_story_type=post>Link annuncio</a>;"<img src=""https://scontent.ftrn1-1.fna.fbcdn.net/v/t45.5328-4/277357411_7101411703263529_4194338314865103029_n.png?stp=c0.43.261.261a_dst-png_p261x260&_nc_cat=105&ccb=1-5&_nc_sid=c48759&_nc_ohc=3tGYQKreFGkAX9aHJfr&_nc_ht=scontent.ftrn1-1.fna&oh=00_AT8ETsEr2BkOvmn9H93BYLdYM-u9SI8ug9HREtZT-Kshyg&oe=6276D9B8"">"
47;Vendo iMac usato poco;;Torino, Piemonte;<a href=https://it-it.facebook.com/marketplace/item/4318470161609139/?ref=search&referral_code=marketplace_search&referral_story_type=post>Link annuncio</a>;"<img src=""https://scontent.ftrn1-1.fna.fbcdn.net/v/t45.5328-4/257471142_6501456473229380_6191428189251574973_n.jpg?stp=c0.101.261.261a_dst-jpg_p261x260&_nc_cat=105&ccb=1-5&_nc_sid=c48759&_nc_ohc=_JBuAvYJ_psAX8zGQtJ&_nc_ht=scontent.ftrn1-1.fna&oh=00_AT-ERBzMMlX6nklFq7eFY3zeCyiqgPPcIyb8q5wflME1mQ&oe=6276B76A"">"
